reaction,
nFourN,
elastic,
nTwoN,
nnprime,
nnprime,
nTwoNP,
elastic,
nThreeN,
elastic,
nThreeN,
nThreeN,
nThreeN,
nThreeN,
nThreeN,
elastic,
elastic,
elastic,
elastic,
elastic,
nnprime,
nThreeNP,
elastic,
elastic,
elastic,
elastic,
nTwoN,
nThreeN,
nnprime,
elastic,
elastic,
elastic,
nThreeN,
nFourN,
elastic,
nnprimeP,
elastic,
elastic,
elastic,
nnprimeP,
elastic,
nFourN,
elastic,
elastic,
nTwoN,
nnprimeP,
nTwoN,
elastic,
nThreeN,
nnprime,
nThreeN,
nnprime,
nTwoN,
nTwoN,
elastic,
elastic,
elastic,
elastic,
nTwoN,
elastic,
elastic,
elastic,
elastic,
elastic,
elastic,
nTwoN,
nTwoN,
elastic,
nThreeN,
elastic,
elastic,
elastic,
nTwoN,
elastic,
nThreeN,
elastic,
nnprime,
nThreeN,
elastic,
nnprimeP,
nThreeN,
elastic,
elastic,
nThreeN,
nnprime,
elastic,
nnprime,
elastic,
elastic,
elastic,
elastic,
elastic,
elastic,
elastic,
nFourN,
elastic,
elastic,
elastic,
nTwoN,
elastic,
nTwoN,
nnprime,
elastic,
elastic,
elastic,
elastic,
elastic,
elastic,
elastic,
nThreeN,
elastic,
elastic,
elastic,
nnprime,
np,
nThreeN,
elastic,
elastic,
elastic,
elastic,
elastic,
elastic,
nThreeN,
nFourN,
elastic,
elastic,
elastic,
elastic,
nnprime,
elastic,
elastic,
elastic,
elastic,
elastic,
elastic,
elastic,
elastic,
nThreeN,
elastic,
elastic,
nThreeN,
elastic,
nThreeN,
nThreeN,
nThreeN,
elastic,
nThreeN,
elastic,
elastic,
nTwoN,
elastic,
elastic,
nThreeN,
nnprime,
nnprimeP,
elastic,
elastic,
elastic,
nThreeN,
nTwoN,
elastic,
nThreeN,
elastic,
nTwoNP,
elastic,
elastic,
nThreeN,
elastic,
nnprimeP,
elastic,
elastic,
elastic,
elastic,
elastic,
nThreeN,
elastic,
nThreeN,
elastic,
elastic,
elastic,
elastic,
elastic,
elastic,
elastic,
nThreeN,
nThreeN,
elastic,
elastic,
nThreeN,
nnprime,
elastic,
elastic,
nTwoN,
elastic,
nnprime,
nThreeN,
elastic,
elastic,
nFourN,
elastic,
nTwoN,
elastic,
elastic,
elastic,
nThreeN,
elastic,
elastic,
elastic,
nFourN,
nFourN,
elastic,
elastic,
nThreeN,
elastic,
nnprimeP,
nnprime,
nThreeN,
nThreeN,
elastic,
elastic,
nFourN,
nThreeNP,
elastic,
elastic,
nFourN,
elastic,
nnprime,
elastic,
elastic,
nnprime,
elastic,
elastic,
elastic,
elastic,
elastic,
nThreeN,
elastic,
elastic,
nnprimeP,
nnprime,
elastic,
elastic,
nTwoN,
elastic,
nThreeN,
nnprime,
nFourN,
elastic,
nFourN,
elastic,
nThreeN,
elastic,
elastic,
elastic,
nTwoN,
elastic,
elastic,
nThreeN,
elastic,
elastic,
elastic,
elastic,
nFourN,
nTwoN,
elastic,
elastic,
elastic,
nThreeN,
nnprime,
nThreeN,
nTwoN,
elastic,
nnprime,
elastic,
nThreeN,
elastic,
elastic,
elastic,
np,
nnprimeP,
nFourN,
nThreeN,
elastic,
nThreeNP,
elastic,
nTwoNP,
elastic,
nThreeN,
nThreeN,
elastic,
elastic,
elastic,
elastic,
elastic,
nThreeN,
nTwoN,
nThreeN,
nTwoN,
nFourN,
nThreeN,
elastic,
nThreeN,
nThreeN,
elastic,
nTwoNP,
nFourN,
nThreeNP,
elastic,
elastic,
elastic,
elastic,
elastic,
nThreeN,
elastic,
nThreeN,
nFourN,
elastic,
nThreeN,
elastic,
elastic,
elastic,
elastic,
elastic,
nnprimeP,
nnprime,
elastic,
elastic,
elastic,
elastic,
elastic,
elastic,
elastic,
elastic,
elastic,
elastic,
elastic,
elastic,
elastic,
elastic,
nTwoN,
elastic,
nThreeN,
elastic,
nThreeN,
nThreeN,
nThreeN,
nFourN,
elastic,
nTwoN,
nThreeN,
elastic,
elastic,
nThreeN,
elastic,
nTwoN,
elastic,
elastic,
nThreeN,
elastic,
elastic,
elastic,
elastic,
elastic,
elastic,
nTwoN,
nnprime,
nThreeN,
nTwoNP,
nThreeN,
elastic,
nnprime,
elastic,
elastic,
nTwoNP,
nnprime,
elastic,
nnprimeP,
elastic,
elastic,
elastic,
elastic,
elastic,
nThreeN,
nTwoN,
elastic,
elastic,
nFourN,
nThreeN,
elastic,
nFourN,
nTwoN,
nnprimeP,
elastic,
elastic,
nThreeN,
elastic,
elastic,
nnprime,
nThreeN,
elastic,
elastic,
nTwoNP,
elastic,
nnprime,
elastic,
elastic,
nThreeNP,
elastic,
elastic,
nThreeN,
elastic,
nnprimeP,
elastic,
other,
elastic,
elastic,
nThreeN,
nThreeN,
elastic,
elastic,
nThreeN,
nnprime,
elastic,
elastic,
nThreeN,
elastic,
elastic,
elastic,
nThreeN,
elastic,
nTwoN,
elastic,
elastic,
elastic,
elastic,
nThreeN,
elastic,
nThreeN,
elastic,
elastic,
elastic,
nTwoNP,
nThreeN,
elastic,
elastic,
elastic,
elastic,
nTwoN,
nThreeNP,
elastic,
elastic,
nTwoNP,
elastic,
nnprime,
elastic,
elastic,
elastic,
elastic,
elastic,
nFourN,
elastic,
nTwoNP,
elastic,
nTwoN,
elastic,
nnprime,
elastic,
nTwoN,
nThreeN,
elastic,
elastic,
nnprime,
elastic,
elastic,
nFourN,
elastic,
elastic,
nThreeN,
elastic,
nTwoN,
nTwoN,
elastic,
nTwoN,
elastic,
elastic,
elastic,
elastic,
nFourN,
elastic,
elastic,
elastic,
elastic,
nThreeN,
elastic,
nTwoNP,
nThreeN,
elastic,
nnprime,
elastic,
elastic,
elastic,
elastic,
nThreeN,
nTwoN,
elastic,
elastic,
elastic,
nThreeN,
elastic,
elastic,
elastic,
elastic,
elastic,
nThreeN,
elastic,
elastic,
elastic,
elastic,
elastic,
elastic,
nTwoN,
nThreeN,
elastic,
elastic,
elastic,
elastic,
elastic,
elastic,
nTwoN,
elastic,
nTwoN,
elastic,
elastic,
nTwoN,
nFourN,
nFourN,
elastic,
nThreeN,
nFourN,
elastic,
elastic,
nThreeN,
elastic,
nTwoN,
nTwoN,
elastic,
elastic,
elastic,
elastic,
elastic,
nFourN,
nTwoN,
nTwoN,
elastic,
elastic,
elastic,
nnprime,
nThreeN,
nFourN,
elastic,
nFourN,
nFourN,
elastic,
nFourN,
elastic,
elastic,
elastic,
elastic,
elastic,
elastic,
nTwoN,
elastic,
elastic,
elastic,
elastic,
elastic,
elastic,
nThreeN,
elastic,
nThreeN,
elastic,
elastic,
nTwoNP,
elastic,
elastic,
elastic,
elastic,
elastic,
elastic,
elastic,
elastic,
elastic,
elastic,
elastic,
nTwoNP,
elastic,
nnprime,
elastic,
nTwoN,
elastic,
nnprimeP,
elastic,
nThreeN,
nFourN,
nTwoN,
elastic,
nnprimeP,
elastic,
nThreeN,
elastic,
elastic,
elastic,
nnprime,
elastic,
nTwoN,
elastic,
elastic,
elastic,
elastic,
elastic,
nThreeN,
elastic,
nTwoN,
nnprimeP,
nThreeN,
nTwoN,
elastic,
nnprime,
elastic,
nFourN,
elastic,
elastic,
elastic,
elastic,
elastic,
elastic,
elastic,
nThreeN,
nFourN,
elastic,
elastic,
elastic,
elastic,
elastic,
elastic,
elastic,
nnprime,
elastic,
elastic,
nTwoN,
elastic,
elastic,
nnprime,
elastic,
nTwoN,
nnprimeP,
nThreeN,
nTwoN,
elastic,
nThreeN,
elastic,
nThreeN,
elastic,
nThreeN,
elastic,
elastic,
nThreeN,
elastic,
elastic,
elastic,
elastic,
elastic,
nTwoN,
nTwoNP,
nFourN,
elastic,
elastic,
elastic,
nThreeN,
nThreeN,
elastic,
nThreeN,
nThreeN,
elastic,
elastic,
nTwoN,
nThreeN,
elastic,
nTwoNP,
nTwoN,
elastic,
elastic,
nThreeN,
elastic,
nnprimeP,
elastic,
elastic,
elastic,
elastic,
nThreeNP,
nTwoN,
elastic,
elastic,
nnprime,
elastic,
elastic,
elastic,
elastic,
elastic,
nTwoN,
nThreeN,
elastic,
elastic,
elastic,
elastic,
elastic,
elastic,
elastic,
nTwoN,
nTwoN,
elastic,
elastic,
elastic,
elastic,
nnprime,
nTwoN,
nnprimeP,
elastic,
elastic,
elastic,
elastic,
elastic,
nTwoNP,
elastic,
nThreeN,
elastic,
elastic,
elastic,
nTwoN,
nTwoNP,
elastic,
nnprime,
nTwoN,
elastic,
nThreeN,
nnprimeP,
elastic,
elastic,
elastic,
elastic,
nThreeN,
nThreeN,
nThreeN,
nThreeNP,
nThreeN,
nnprime,
other,
elastic,
elastic,
elastic,
nThreeN,
nThreeN,
nThreeN,
elastic,
elastic,
nThreeN,
elastic,
elastic,
elastic,
elastic,
elastic,
elastic,
elastic,
elastic,
elastic,
nTwoN,
elastic,
elastic,
nThreeNP,
nTwoN,
nThreeN,
elastic,
elastic,
elastic,
elastic,
elastic,
elastic,
nnprime,
nThreeN,
elastic,
elastic,
elastic,
elastic,
elastic,
nThreeN,
nTwoN,
elastic,
elastic,
elastic,
elastic,
nThreeN,
elastic,
elastic,
elastic,
elastic,
nThreeNP,
nnprimeP,
elastic,
elastic,
elastic,
elastic,
elastic,
elastic,
elastic,
nThreeN,
elastic,
elastic,
nnprime,
elastic,
elastic,
elastic,
nThreeN,
elastic,
elastic,
nThreeN,
elastic,
elastic,
nTwoNP,
nTwoN,
nTwoN,
elastic,
nFourN,
elastic,
elastic,
nThreeN,
nThreeN,
elastic,
elastic,
elastic,
nThreeN,
elastic,
elastic,
nTwoNP,
elastic,
elastic,
nTwoN,
nFourN,
elastic,
nThreeN,
elastic,
elastic,
elastic,
elastic,
elastic,
nTwoN,
elastic,
nTwoN,
elastic,
elastic,
elastic,
elastic,
elastic,
nThreeN,
nnprime,
nnprime,
elastic,
elastic,
nThreeN,
nThreeN,
nThreeN,
elastic,
elastic,
nThreeNP,
elastic,
elastic,
elastic,
elastic,
elastic,
nnprime,
nnprimeP,
elastic,
elastic,
nnprime,
elastic,
nnprime,
elastic,
elastic,
nThreeN,
elastic,
nThreeN,
elastic,
nFourN,
nThreeN,
elastic,
nThreeN,
elastic,
nThreeN,
elastic,
elastic,
nTwoN,
nnprime,
nThreeN,
nThreeN,
elastic,
elastic,
nnprime,
elastic,
nnprimeP,
elastic,
np,
nnprime,
nTwoN,
nTwoN,
elastic,
elastic,
nThreeN,
elastic,
elastic,
nThreeN,
nThreeNP,
elastic,
nTwoN,
nTwoN,
elastic,
elastic,
elastic,
elastic,
elastic,
elastic,
nTwoN,
nThreeN,
nnprimeP,
elastic,
nnprimeP,
nFourN,
nTwoN,
nTwoN,
nThreeN,
elastic,
nTwoN,
nThreeN,
nnprime,
nThreeN,
nThreeN,
elastic,
elastic,
elastic,
nnprime,
nThreeN,
nThreeN,
nThreeN,
elastic,
elastic,
elastic,
nThreeN,
nTwoN,
elastic,
nThreeN,
elastic,
nThreeN,
elastic,
nTwoN,
elastic,
nTwoN,
elastic,
elastic,
elastic,
nThreeNP,
nnprime,
elastic,
elastic,
nThreeN,
elastic,
elastic,
elastic,
elastic,
nThreeN,
elastic,
elastic,
elastic,
nTwoN,
elastic,
nTwoN,
elastic,
elastic,
nTwoN,
elastic,
nnprime,
elastic,
nThreeN,
nThreeN,
nnprime,
elastic,
nThreeN,
nTwoN,
elastic,
elastic,
nThreeNP,
nThreeN,
elastic,
elastic,
elastic,
elastic,
nThreeN,
elastic,
nnprimeP,
elastic,
nTwoN,
elastic,
elastic,
elastic,
elastic,
nnprime,
nTwoN,
elastic,
elastic,
elastic,
elastic,
elastic,
elastic,
elastic,
elastic,
elastic,
nTwoNP,
nThreeN,
elastic,
nFourN,
elastic,
nThreeN,
nThreeN,
elastic,
elastic,
nTwoN,
elastic,
nThreeN,
elastic,
elastic,
nnprime,
elastic,
elastic,
elastic,
elastic,
elastic,
elastic,
nTwoN,
elastic,
nTwoN,
elastic,
elastic,
nTwoNP,
elastic,
elastic,
elastic,
elastic,
nFourN,
elastic,
elastic,
np,
elastic,
nTwoNP,
nFourN,
elastic,
elastic,
nThreeN,
elastic,
elastic,
elastic,
nTwoN,
elastic,
nnprimeP,
elastic,
nThreeN,
elastic,
nTwoNP,
elastic,
elastic,
elastic,
nThreeN,
elastic,
elastic,
elastic,
nFourN,
nThreeN,
nnprime,
elastic,
elastic,
nnprime,
elastic,
nTwoN,
elastic,
elastic,
elastic,
nThreeN,
elastic,
elastic,
elastic,
nThreeN,
elastic,
nTwoN,
elastic,
nFourN,
elastic,
elastic,
elastic,
nThreeN,
elastic,
elastic,
elastic,
elastic,
nThreeN,
nTwoN,
elastic,
nnprime,
elastic,
np,
nThreeN,
elastic,
elastic,
elastic,
elastic,
elastic,
elastic,
elastic,
elastic,
elastic,
elastic,
elastic,
nThreeN,
nFourN,
elastic,
elastic,
elastic,
elastic,
elastic,
nThreeN,
nnprimeP,
elastic,
nThreeN,
elastic,
elastic,
nThreeN,
nnprime,
elastic,
nTwoN,
elastic,
nTwoN,
nFourN,
elastic,
elastic,
elastic,
elastic,
elastic,
nTwoN,
elastic,
elastic,
nThreeNP,
elastic,
nnprime,
nThreeN,
elastic,
nTwoNP,
nFourN,
nThreeN,
elastic,
elastic,
elastic,
elastic,
elastic,
elastic,
nThreeN,
elastic,
nTwoNP,
np,
elastic,
nFourN,
elastic,
elastic,
nnprimeP,
nnprime,
elastic,
elastic,
elastic,
elastic,
elastic,
elastic,
elastic,
elastic,
nThreeN,
nTwoN,
elastic,
nTwoN,
elastic,
elastic,
elastic,
elastic,
elastic,
nThreeN,
elastic,
nTwoN,
elastic,
elastic,
elastic,
elastic,
elastic,
elastic,
elastic,
elastic,
elastic,
nFourN,
elastic,
elastic,
elastic,
elastic,
elastic,
nThreeN,
elastic,
nTwoNP,
elastic,
nThreeN,
elastic,
nFourN,
elastic,
elastic,
elastic,
elastic,
elastic,
elastic,
nnprimeP,
elastic,
nThreeN,
nThreeN,
nThreeN,
elastic,
elastic,
elastic,
nnprimeP,
nThreeN,
nTwoN,
np,
nFourN,
nThreeN,
nTwoN,
nThreeN,
elastic,
nThreeN,
elastic,
nThreeN,
elastic,
nTwoN,
nTwoN,
elastic,
elastic,
nThreeN,
nThreeN,
elastic,
elastic,
nnprimeP,
elastic,
elastic,
nnprimeP,
elastic,
elastic,
nTwoN,
elastic,
elastic,
elastic,
elastic,
nTwoN,
nFourN,
elastic,
elastic,
nTwoN,
nnprime,
nThreeN,
elastic,
elastic,
elastic,
nTwoN,
nTwoN,
elastic,
nThreeN,
elastic,
elastic,
elastic,
elastic,
elastic,
elastic,
elastic,
elastic,
nTwoN,
elastic,
nThreeN,
elastic,
nTwoN,
elastic,
elastic,
elastic,
elastic,
nThreeN,
elastic,
nThreeN,
nnprime,
elastic,
elastic,
nTwoNP,
nThreeN,
elastic,
elastic,
nThreeN,
nThreeN,
elastic,
nThreeN,
nThreeN,
nnprimeP,
elastic,
elastic,
nFourN,
nThreeN,
nThreeN,
nThreeN,
elastic,
nThreeN,
elastic,
elastic,
elastic,
elastic,
elastic,
elastic,
nTwoN,
nThreeN,
elastic,
elastic,
nnprime,
elastic,
elastic,
elastic,
elastic,
elastic,
nThreeN,
nTwoN,
elastic,
elastic,
elastic,
nnprime,
elastic,
elastic,
nTwoN,
nThreeN,
nnprimeP,
elastic,
elastic,
nTwoNP,
nThreeN,
nThreeN,
elastic,
elastic,
elastic,
elastic,
nThreeN,
nThreeN,
nThreeN,
elastic,
elastic,
elastic,
elastic,
elastic,
elastic,
nThreeN,
elastic,
elastic,
elastic,
elastic,
nThreeN,
nTwoN,
elastic,
nThreeN,
nThreeN,
nThreeNP,
nTwoN,
elastic,
elastic,
elastic,
elastic,
elastic,
elastic,
nnprime,
elastic,
elastic,
nTwoN,
elastic,
nThreeN,
nFourN,
nTwoN,
nThreeN,
nThreeN,
elastic,
elastic,
nThreeN,
nFourN,
elastic,
elastic,
elastic,
nTwoN,
elastic,
nThreeN,
elastic,
elastic,
nnprimeP,
nnprime,
elastic,
nnprime,
elastic,
nnprime,
nTwoN,
elastic,
elastic,
elastic,
elastic,
elastic,
elastic,
elastic,
elastic,
nTwoN,
elastic,
nThreeN,
nnprime,
nTwoN,
elastic,
elastic,
nThreeN,
elastic,
nThreeN,
elastic,
elastic,
elastic,
nnprime,
elastic,
elastic,
elastic,
nThreeNP,
nFourN,
elastic,
nThreeN,
elastic,
elastic,
nTwoN,
nTwoNP,
elastic,
elastic,
nThreeN,
elastic,
nFourN,
elastic,
elastic,
elastic,
elastic,
elastic,
elastic,
elastic,
nnprime,
elastic,
elastic,
nThreeN,
elastic,
elastic,
nTwoN,
nThreeN,
nThreeN,
nTwoN,
nnprime,
nTwoN,
elastic,
elastic,
elastic,
elastic,
nThreeN,
elastic,
elastic,
nnprime,
nThreeN,
nnprime,
elastic,
elastic,
elastic,
nTwoN,
elastic,
nThreeN,
elastic,
elastic,
nThreeN,
elastic,
elastic,
elastic,
elastic,
elastic,
nTwoN,
elastic,
elastic,
nTwoN,
nnprimeP,
elastic,
elastic,
nThreeN,
elastic,
elastic,
elastic,
nnprimeP,
nTwoNP,
elastic,
nThreeN,
nTwoN,
elastic,
nThreeN,
elastic,
elastic,
elastic,
elastic,
elastic,
nTwoN,
elastic,
nFourN,
nThreeN,
elastic,
nFourN,
nThreeN,
elastic,
nTwoN,
elastic,
nThreeN,
elastic,
elastic,
elastic,
elastic,
elastic,
nTwoNP,
elastic,
elastic,
elastic,
elastic,
elastic,
elastic,
nThreeN,
elastic,
elastic,
nThreeN,
nTwoN,
elastic,
elastic,
elastic,
nThreeN,
elastic,
elastic,
nFourN,
elastic,
nThreeN,
nnprime,
nFourN,
elastic,
nThreeN,
elastic,
elastic,
elastic,
nnprime,
nnprime,
nThreeN,
elastic,
elastic,
elastic,
nThreeN,
elastic,
elastic,
elastic,
elastic,
nThreeN,
elastic,
elastic,
nThreeN,
elastic,
elastic,
elastic,
elastic,
elastic,
elastic,
nFourN,
elastic,
elastic,
elastic,
nThreeN,
nnprimeP,
nThreeN,
elastic,
elastic,
nThreeN,
elastic,
elastic,
elastic,
nnprime,
elastic,
elastic,
elastic,
elastic,
elastic,
elastic,
nFourN,
elastic,
elastic,
elastic,
elastic,
nThreeN,
elastic,
elastic,
elastic,
nTwoNP,
elastic,
elastic,
nnprime,
elastic,
nFourN,
elastic,
nThreeN,
elastic,
nThreeN,
elastic,
elastic,
elastic,
elastic,
elastic,
nTwoN,
nThreeN,
elastic,
elastic,
nThreeN,
nTwoN,
nThreeN,
nTwoNP,
elastic,
nTwoN,
elastic,
nThreeN,
elastic,
elastic,
elastic,
elastic,
nnprimeP,
elastic,
nThreeNP,
elastic,
nThreeN,
elastic,
elastic,
elastic,
nThreeN,
nnprime,
elastic,
nnprime,
nnprime,
nnprimeP,
elastic,
elastic,
elastic,
nTwoN,
elastic,
nTwoN,
elastic,
elastic,
nThreeNP,
elastic,
nnprime,
nThreeN,
elastic,
elastic,
elastic,
nThreeN,
nThreeN,
elastic,
elastic,
elastic,
elastic,
nThreeN,
nThreeN,
elastic,
elastic,
nThreeN,
nFourN,
nThreeN,
elastic,
elastic,
elastic,
nnprime,
elastic,
elastic,
nThreeN,
nThreeN,
elastic,
elastic,
nTwoNP,
elastic,
elastic,
elastic,
elastic,
elastic,
elastic,
elastic,
elastic,
nThreeN,
nTwoN,
elastic,
nTwoN,
nTwoN,
nThreeN,
elastic,
nTwoN,
elastic,
elastic,
nThreeN,
elastic,
nThreeN,
elastic,
nThreeN,
elastic,
elastic,
elastic,
nTwoN,
elastic,
elastic,
elastic,
elastic,
nTwoN,
elastic,
elastic,
nThreeN,
nThreeN,
nThreeN,
elastic,
elastic,
elastic,
nThreeN,
elastic,
elastic,
elastic,
elastic,
nnprime,
elastic,
elastic,
nFourN,
elastic,
nnprimeP,
elastic,
nThreeN,
elastic,
nThreeN,
elastic,
elastic,
elastic,
elastic,
elastic,
nThreeN,
elastic,
elastic,
elastic,
elastic,
nFourN,
nFourN,
elastic,
elastic,
elastic,
elastic,
nThreeN,
nThreeN,
elastic,
nTwoNP,
elastic,
nTwoN,
elastic,
elastic,
nnprime,
elastic,
elastic,
nFourN,
elastic,
nFourN,
elastic,
elastic,
elastic,
nThreeN,
elastic,
nNGamma,
nThreeN,
elastic,
nTwoN,
elastic,
elastic,
nThreeN,
elastic,
nnprimeP,
elastic,
elastic,
elastic,
elastic,
nnprime,
elastic,
nThreeN,
elastic,
nnprimeP,
elastic,
nThreeN,
elastic,
nThreeN,
elastic,
nnprimeP,
nnprimeP,
nFourN,
elastic,
elastic,
elastic,
elastic,
nThreeN,
nTwoN,
elastic,
nTwoN,
nTwoN,
elastic,
nTwoN,
nTwoN,
elastic,
elastic,
elastic,
elastic,
nnprime,
elastic,
nTwoNP,
nTwoN,
nThreeN,
elastic,
elastic,
nThreeN,
nThreeN,
nTwoN,
np,
elastic,
nTwoN,
nThreeNP,
nnprime,
elastic,
nThreeN,
elastic,
elastic,
nTwoNP,
elastic,
elastic,
nTwoNP,
nThreeN,
elastic,
nThreeN,
elastic,
nnprime,
nTwoN,
elastic,
elastic,
elastic,
elastic,
nnprime,
elastic,
nFourN,
elastic,
elastic,
nThreeN,
elastic,
elastic,
other,
elastic,
elastic,
nFourN,
elastic,
elastic,
elastic,
nThreeN,
elastic,
elastic,
elastic,
elastic,
nTwoNP,
elastic,
elastic,
elastic,
nnprime,
nnprime,
nNGamma,
nThreeN,
elastic,
nThreeN,
elastic,
elastic,
elastic,
elastic,
elastic,
nThreeN,
elastic,
elastic,
nTwoN,
nThreeN,
nThreeN,
elastic,
nThreeN,
nnprimeP,
elastic,
elastic,
elastic,
elastic,
elastic,
elastic,
elastic,
elastic,
nThreeN,
nThreeN,
elastic,
nnprime,
nTwoN,
elastic,
elastic,
elastic,
nThreeN,
elastic,
nThreeNP,
elastic,
elastic,
elastic,
elastic,
nThreeN,
elastic,
nThreeN,
elastic,
nTwoN,
elastic,
elastic,
nFourN,
elastic,
elastic,
elastic,
elastic,
nThreeN,
nThreeNP,
elastic,
elastic,
elastic,
nThreeN,
elastic,
nThreeN,
elastic,
elastic,
nThreeN,
elastic,
nTwoN,
elastic,
nnprime,
elastic,
nnprime,
elastic,
elastic,
elastic,
nThreeN,
elastic,
elastic,
elastic,
elastic,
nTwoN,
elastic,
nThreeN,
elastic,
nTwoN,
nTwoNP,
nThreeN,
elastic,
elastic,
nnprimeP,
elastic,
nThreeN,
elastic,
elastic,
nFourN,
nThreeN,
nThreeN,
elastic,
elastic,
nThreeN,
elastic,
nnprimeP,
np,
elastic,
elastic,
elastic,
nnprime,
nThreeN,
elastic,
elastic,
elastic,
nThreeN,
elastic,
elastic,
nnprime,
elastic,
nnprime,
elastic,
elastic,
nTwoN,
nThreeN,
elastic,
nThreeN,
elastic,
elastic,
nFourN,
nTwoNP,
elastic,
nThreeNP,
elastic,
elastic,
nThreeN,
nThreeN,
elastic,
elastic,
nTwoN,
nThreeN,
elastic,
elastic,
nTwoN,
nThreeNP,
elastic,
elastic,
elastic,
elastic,
nThreeN,
elastic,
elastic,
elastic,
elastic,
nThreeN,
elastic,
elastic,
elastic,
nFourN,
elastic,
elastic,
nnprime,
elastic,
elastic,
elastic,
elastic,
elastic,
elastic,
nThreeN,
nThreeN,
elastic,
elastic,
elastic,
elastic,
elastic,
elastic,
nTwoN,
nFourN,
nThreeN,
nFourN,
elastic,
elastic,
elastic,
nTwoNP,
elastic,
elastic,
elastic,
nThreeN,
elastic,
nFourN,
nThreeN,
elastic,
elastic,
elastic,
elastic,
elastic,
elastic,
elastic,
elastic,
nThreeN,
elastic,
elastic,
elastic,
elastic,
elastic,
elastic,
elastic,
elastic,
nThreeN,
nThreeN,
elastic,
elastic,
elastic,
elastic,
elastic,
np,
elastic,
nThreeN,
elastic,
elastic,
elastic,
nThreeN,
elastic,
nTwoNP,
elastic,
nThreeN,
nnprime,
elastic,
elastic,
elastic,
np,
elastic,
elastic,
elastic,
nThreeN,
nTwoN,
elastic,
elastic,
nTwoN,
elastic,
nTwoNP,
elastic,
elastic,
elastic,
elastic,
nThreeN,
elastic,
nThreeN,
nThreeNP,
nThreeN,
elastic,
nTwoN,
nnprime,
elastic,
nThreeN,
elastic,
nThreeN,
nThreeN,
elastic,
nThreeN,
elastic,
nThreeN,
elastic,
elastic,
elastic,
elastic,
elastic,
elastic,
nFourN,
nThreeN,
elastic,
elastic,
elastic,
elastic,
nThreeN,
elastic,
elastic,
elastic,
elastic,
elastic,
elastic,
elastic,
elastic,
nThreeNP,
nnprime,
elastic,
nThreeN,
elastic,
elastic,
elastic,
nThreeNP,
elastic,
elastic,
elastic,
elastic,
elastic,
elastic,
nnprimeP,
nnprime,
nFourN,
elastic,
elastic,
nFourN,
elastic,
nnprime,
nThreeN,
nnprime,
elastic,
elastic,
elastic,
nThreeN,
elastic,
elastic,
nTwoN,
elastic,
elastic,
elastic,
nTwoN,
nTwoNP,
elastic,
nThreeN,
elastic,
nnprimeP,
elastic,
nTwoN,
elastic,
nTwoN,
nnprime,
nThreeN,
nTwoN,
elastic,
elastic,
elastic,
nTwoN,
nThreeN,
nThreeN,
elastic,
elastic,
nTwoN,
nnprime,
nThreeN,
elastic,
elastic,
nThreeN,
elastic,
elastic,
nTwoN,
nThreeN,
elastic,
elastic,
nTwoN,
elastic,
nThreeN,
elastic,
nThreeN,
elastic,
elastic,
nThreeNP,
elastic,
elastic,
elastic,
nFourN,
elastic,
elastic,
elastic,
elastic,
elastic,
nnprimeP,
nThreeNP,
elastic,
elastic,
elastic,
elastic,
elastic,
nnprimeP,
elastic,
nTwoN,
nnprime,
elastic,
elastic,
nnprime,
elastic,
nFourN,
elastic,
nThreeN,
elastic,
elastic,
elastic,
elastic,
elastic,
elastic,
elastic,
np,
nThreeN,
nTwoN,
nThreeN,
elastic,
other,
nThreeN,
nTwoN,
elastic,
nnprime,
elastic,
elastic,
nThreeN,
nnprime,
elastic,
nTwoN,
elastic,
elastic,
elastic,
elastic,
nTwoN,
elastic,
elastic,
nThreeN,
elastic,
nThreeN,
nThreeN,
elastic,
elastic,
elastic,
elastic,
nTwoN,
elastic,
elastic,
elastic,
nThreeN,
elastic,
elastic,
elastic,
elastic,
elastic,
elastic,
elastic,
elastic,
nTwoNP,
elastic,
elastic,
elastic,
elastic,
elastic,
nTwoN,
nFourN,
elastic,
elastic,
elastic,
elastic,
elastic,
nTwoN,
elastic,
nTwoN,
elastic,
nThreeN,
elastic,
elastic,
nThreeN,
elastic,
elastic,
elastic,
elastic,
nnprime,
elastic,
nThreeN,
elastic,
nThreeN,
elastic,
nThreeN,
elastic,
nnprime,
nTwoN,
elastic,
elastic,
elastic,
nFourN,
nThreeN,
elastic,
nTwoN,
elastic,
nThreeN,
elastic,
elastic,
nnprime,
elastic,
nFourN,
nThreeN,
nThreeN,
elastic,
elastic,
elastic,
nThreeNP,
nTwoN,
nnprime,
elastic,
elastic,
nnprime,
elastic,
nThreeN,
elastic,
elastic,
elastic,
nThreeN,
nnprimeP,
elastic,
elastic,
elastic,
elastic,
elastic,
elastic,
elastic,
elastic,
elastic,
elastic,
elastic,
elastic,
nTwoN,
elastic,
elastic,
elastic,
elastic,
nnprimeP,
nTwoN,
nThreeN,
elastic,
elastic,
elastic,
elastic,
elastic,
elastic,
elastic,
elastic,
elastic,
elastic,
elastic,
nTwoN,
nFourN,
elastic,
elastic,
elastic,
elastic,
nFourN,
elastic,
elastic,
nTwoN,
elastic,
elastic,
nTwoN,
elastic,
elastic,
elastic,
nTwoN,
elastic,
nThreeN,
nThreeN,
elastic,
elastic,
elastic,
nThreeN,
elastic,
elastic,
elastic,
elastic,
elastic,
elastic,
elastic,
elastic,
elastic,
elastic,
elastic,
nThreeN,
elastic,
elastic,
elastic,
nThreeN,
elastic,
elastic,
elastic,
nTwoN,
nTwoN,
nThreeN,
elastic,
nFourN,
elastic,
nThreeN,
nThreeN,
nTwoN,
elastic,
elastic,
nnprimeP,
elastic,
elastic,
elastic,
nThreeN,
elastic,
elastic,
elastic,
elastic,
elastic,
elastic,
nThreeN,
elastic,
elastic,
nThreeN,
elastic,
nThreeNP,
elastic,
nnprime,
nThreeN,
elastic,
elastic,
nnprimeP,
elastic,
elastic,
elastic,
elastic,
nThreeNP,
elastic,
elastic,
np,
elastic,
elastic,
elastic,
nThreeN,
elastic,
elastic,
nnprime,
elastic,
elastic,
elastic,
nThreeN,
elastic,
elastic,
nThreeN,
elastic,
elastic,
nThreeN,
elastic,
elastic,
elastic,
elastic,
nFourN,
elastic,
nThreeN,
nThreeN,
nnprimeP,
nnprimeP,
elastic,
nTwoNP,
elastic,
elastic,
elastic,
nTwoNP,
nThreeN,
elastic,
elastic,
elastic,
elastic,
nTwoN,
elastic,
nThreeN,
elastic,
nThreeN,
elastic,
elastic,
elastic,
elastic,
elastic,
nnprime,
nThreeN,
elastic,
nTwoN,
elastic,
elastic,
elastic,
nTwoN,
elastic,
elastic,
nThreeN,
elastic,
elastic,
elastic,
elastic,
elastic,
elastic,
nThreeN,
elastic,
elastic,
nThreeN,
elastic,
elastic,
nTwoN,
elastic,
elastic,
elastic,
elastic,
elastic,
elastic,
elastic,
elastic,
nTwoN,
elastic,
elastic,
elastic,
nThreeN,
elastic,
elastic,
nFourN,
nTwoN,
nThreeN,
elastic,
elastic,
elastic,
elastic,
np,
nThreeN,
elastic,
elastic,
elastic,
elastic,
nTwoN,
elastic,
elastic,
elastic,
nThreeN,
elastic,
elastic,
elastic,
elastic,
nThreeN,
elastic,
elastic,
elastic,
elastic,
elastic,
nTwoN,
nThreeN,
elastic,
nnprime,
elastic,
nThreeN,
nnprime,
nTwoN,
nThreeN,
elastic,
nnprime,
elastic,
nnprime,
nTwoN,
elastic,
elastic,
elastic,
elastic,
elastic,
elastic,
elastic,
nThreeN,
elastic,
elastic,
elastic,
elastic,
elastic,
elastic,
nTwoN,
elastic,
elastic,
nTwoN,
elastic,
elastic,
elastic,
elastic,
elastic,
elastic,
elastic,
elastic,
elastic,
elastic,
nThreeN,
elastic,
elastic,
nnprime,
elastic,
elastic,
elastic,
nThreeN,
elastic,
elastic,
elastic,
elastic,
elastic,
elastic,
elastic,
np,
elastic,
elastic,
elastic,
elastic,
nThreeN,
elastic,
elastic,
nThreeN,
elastic,
elastic,
nTwoN,
elastic,
elastic,
elastic,
nThreeN,
elastic,
elastic,
nFourN,
elastic,
nThreeN,
nFourN,
nTwoN,
elastic,
elastic,
elastic,
nTwoN,
elastic,
nThreeN,
nThreeNP,
elastic,
nTwoN,
elastic,
nFourN,
elastic,
elastic,
elastic,
elastic,
elastic,
elastic,
nThreeN,
elastic,
nThreeN,
nnprimeP,
nFourN,
nnprime,
nnprime,
elastic,
elastic,
nTwoN,
elastic,
nThreeN,
nThreeNP,
elastic,
elastic,
elastic,
nTwoN,
elastic,
elastic,
elastic,
elastic,
elastic,
nTwoNP,
nThreeN,
nThreeN,
elastic,
elastic,
elastic,
nThreeN,
nThreeN,
elastic,
elastic,
elastic,
elastic,
nThreeN,
elastic,
other,
nTwoNP,
other,
elastic,
nTwoNP,
nnprimeP,
nTwoN,
nnprimeP,
elastic,
nThreeN,
elastic,
elastic,
elastic,
elastic,
elastic,
elastic,
elastic,
elastic,
elastic,
elastic,
elastic,
elastic,
elastic,
elastic,
nThreeN,
elastic,
nTwoN,
elastic,
elastic,
elastic,
elastic,
elastic,
elastic,
elastic,
elastic,
elastic,
elastic,
nThreeN,
elastic,
elastic,
elastic,
nTwoN,
elastic,
nThreeN,
nThreeN,
nTwoNP,
elastic,
elastic,
nThreeN,
elastic,
nTwoN,
elastic,
elastic,
elastic,
elastic,
elastic,
elastic,
elastic,
nThreeN,
elastic,
elastic,
elastic,
elastic,
elastic,
nTwoN,
nThreeN,
nThreeN,
nThreeN,
elastic,
elastic,
elastic,
elastic,
elastic,
nTwoN,
elastic,
elastic,
nThreeN,
nThreeN,
elastic,
elastic,
elastic,
nTwoN,
nTwoN,
nTwoN,
elastic,
elastic,
elastic,
elastic,
elastic,
elastic,
elastic,
elastic,
elastic,
elastic,
nThreeN,
elastic,
elastic,
elastic,
elastic,
elastic,
nFourN,
elastic,
nTwoN,
elastic,
nTwoNP,
elastic,
elastic,
nFourN,
elastic,
nnprime,
nThreeN,
elastic,
nThreeN,
nThreeN,
elastic,
elastic,
elastic,
elastic,
nFourN,
elastic,
elastic,
nThreeN,
elastic,
elastic,
elastic,
elastic,
elastic,
nThreeN,
elastic,
elastic,
elastic,
elastic,
elastic,
elastic,
elastic,
elastic,
elastic,
nThreeN,
elastic,
elastic,
nThreeNP,
elastic,
elastic,
elastic,
nFourN,
elastic,
nTwoN,
nThreeN,
nThreeN,
nThreeN,
elastic,
elastic,
nnprime,
elastic,
elastic,
elastic,
elastic,
nFourN,
elastic,
elastic,
elastic,
nnprime,
elastic,
elastic,
elastic,
elastic,
nTwoNP,
elastic,
elastic,
elastic,
nnprime,
elastic,
elastic,
elastic,
elastic,
nThreeN,
nTwoN,
elastic,
elastic,
nThreeN,
nThreeN,
nnprime,
elastic,
elastic,
nnprime,
nThreeN,
np,
nTwoN,
nTwoN,
nnprime,
elastic,
elastic,
elastic,
nFourN,
elastic,
elastic,
elastic,
elastic,
elastic,
elastic,
elastic,
nTwoN,
nnprimeP,
nTwoN,
nnprime,
elastic,
elastic,
elastic,
elastic,
elastic,
np,
elastic,
nTwoN,
elastic,
elastic,
elastic,
elastic,
nFourN,
nnprime,
nThreeN,
elastic,
elastic,
nThreeN,
nTwoN,
elastic,
nnprime,
nnprimeP,
elastic,
elastic,
nTwoNP,
elastic,
elastic,
elastic,
nThreeNP,
elastic,
nTwoNP,
elastic,
elastic,
nThreeN,
elastic,
elastic,
elastic,
elastic,
elastic,
nThreeN,
nFourN,
elastic,
elastic,
nThreeN,
elastic,
nThreeN,
elastic,
elastic,
elastic,
nnprime,
nTwoN,
elastic,
nnprime,
elastic,
nThreeNP,
elastic,
nThreeNP,
elastic,
elastic,
elastic,
elastic,
elastic,
elastic,
nTwoN,
nThreeN,
elastic,
nThreeN,
elastic,
elastic,
elastic,
elastic,
elastic,
nThreeN,
nThreeN,
elastic,
elastic,
nThreeN,
nTwoN,
nTwoNP,
elastic,
elastic,
elastic,
elastic,
elastic,
elastic,
elastic,
elastic,
nThreeN,
elastic,
nnprime,
nTwoN,
nnprime,
nTwoN,
elastic,
nFourN,
elastic,
elastic,
elastic,
elastic,
nThreeNP,
elastic,
elastic,
elastic,
elastic,
elastic,
elastic,
nnprime,
nThreeN,
elastic,
nnprime,
elastic,
elastic,
elastic,
elastic,
nTwoN,
elastic,
elastic,
elastic,
elastic,
elastic,
elastic,
elastic,
nnprime,
elastic,
nnprime,
elastic,
elastic,
elastic,
elastic,
elastic,
nTwoN,
nThreeN,
elastic,
nThreeN,
np,
nThreeN,
elastic,
nnprime,
nTwoN,
nFourN,
nThreeN,
elastic,
nThreeN,
elastic,
elastic,
elastic,
nThreeN,
elastic,
elastic,
elastic,
nFourN,
nThreeN,
nThreeN,
elastic,
elastic,
elastic,
elastic,
elastic,
elastic,
elastic,
elastic,
nThreeN,
elastic,
nThreeN,
nThreeN,
elastic,
nnprime,
elastic,
nThreeN,
elastic,
nThreeN,
elastic,
nThreeN,
elastic,
elastic,
np,
elastic,
nTwoNP,
nTwoN,
nThreeN,
elastic,
elastic,
elastic,
elastic,
elastic,
other,
nThreeN,
elastic,
nThreeN,
elastic,
nThreeN,
elastic,
elastic,
nTwoN,
nnprime,
elastic,
elastic,
nThreeN,
elastic,
elastic,
elastic,
elastic,
elastic,
nFourN,
nTwoN,
elastic,
elastic,
elastic,
elastic,
elastic,
elastic,
elastic,
elastic,
nThreeN,
elastic,
elastic,
elastic,
nnprime,
elastic,
elastic,
elastic,
nnprime,
nThreeN,
elastic,
nFourN,
elastic,
nFourN,
elastic,
nTwoN,
nThreeNP,
elastic,
elastic,
elastic,
elastic,
nFourN,
elastic,
elastic,
elastic,
elastic,
elastic,
nThreeN,
elastic,
nTwoN,
elastic,
nThreeN,
elastic,
elastic,
nThreeN,
elastic,
elastic,
nTwoN,
elastic,
elastic,
elastic,
nFourN,
nFourN,
elastic,
elastic,
nThreeNP,
elastic,
nThreeN,
elastic,
nThreeN,
elastic,
nThreeNP,
nnprime,
elastic,
elastic,
elastic,
elastic,
elastic,
elastic,
nFourN,
nThreeN,
elastic,
nThreeN,
elastic,
nThreeN,
elastic,
elastic,
elastic,
elastic,
nThreeN,
elastic,
elastic,
nThreeN,
nThreeN,
elastic,
nThreeN,
elastic,
elastic,
nThreeN,
elastic,
nThreeN,
nTwoN,
elastic,
elastic,
elastic,
elastic,
elastic,
elastic,
nThreeNP,
nTwoN,
elastic,
nThreeN,
elastic,
elastic,
nTwoN,
elastic,
elastic,
elastic,
nTwoN,
elastic,
elastic,
nThreeN,
elastic,
elastic,
elastic,
elastic,
nThreeN,
elastic,
elastic,
elastic,
other,
elastic,
elastic,
elastic,
nTwoN,
elastic,
nTwoN,
elastic,
nTwoN,
elastic,
elastic,
elastic,
nThreeN,
elastic,
nThreeN,
elastic,
elastic,
elastic,
nnprimeP,
nnprime,
nnprime,
nTwoN,
elastic,
elastic,
nThreeN,
nFourN,
elastic,
elastic,
elastic,
nTwoN,
elastic,
elastic,
elastic,
elastic,
nTwoN,
elastic,
nTwoN,
nTwoN,
nnprime,
elastic,
elastic,
nThreeN,
elastic,
elastic,
elastic,
nThreeN,
elastic,
elastic,
nTwoN,
elastic,
elastic,
nnprime,
elastic,
nThreeN,
nThreeN,
elastic,
elastic,
elastic,
elastic,
elastic,
nThreeN,
elastic,
nThreeN,
elastic,
elastic,
nThreeN,
elastic,
nThreeN,
elastic,
nnprime,
elastic,
nnprime,
elastic,
nFourN,
nTwoNP,
elastic,
nThreeN,
elastic,
elastic,
elastic,
elastic,
elastic,
elastic,
nThreeN,
elastic,
elastic,
elastic,
nThreeN,
nFourN,
nTwoN,
elastic,
elastic,
elastic,
elastic,
elastic,
elastic,
elastic,
elastic,
nTwoNP,
elastic,
elastic,
nThreeN,
elastic,
nThreeN,
nThreeNP,
nnprime,
nThreeN,
elastic,
elastic,
elastic,
elastic,
nThreeN,
nThreeN,
nThreeN,
nTwoN,
elastic,
elastic,
elastic,
nTwoN,
nThreeN,
elastic,
elastic,
nTwoN,
nTwoN,
nTwoN,
nThreeN,
nThreeN,
nThreeN,
elastic,
elastic,
nThreeN,
nThreeN,
nThreeN,
nThreeN,
elastic,
elastic,
nTwoNP,
elastic,
elastic,
nnprimeP,
elastic,
elastic,
nTwoN,
elastic,
nThreeN,
elastic,
nThreeN,
elastic,
elastic,
nTwoN,
nnprimeP,
nTwoN,
elastic,
elastic,
nFourN,
nThreeN,
nnprime,
nThreeN,
elastic,
elastic,
nThreeN,
nTwoN,
elastic,
elastic,
elastic,
elastic,
nTwoNP,
elastic,
nTwoNP,
elastic,
elastic,
elastic,
nThreeN,
elastic,
elastic,
nThreeN,
elastic,
nnprime,
elastic,
elastic,
nFourN,
elastic,
nTwoN,
elastic,
nnprime,
elastic,
elastic,
elastic,
nThreeN,
nThreeN,
elastic,
elastic,
elastic,
nThreeN,
elastic,
elastic,
elastic,
elastic,
nThreeN,
elastic,
nThreeN,
nTwoNP,
elastic,
nThreeN,
nThreeN,
elastic,
elastic,
np,
elastic,
nThreeN,
elastic,
elastic,
nnprime,
elastic,
elastic,
nThreeN,
nThreeN,
elastic,
nFourN,
nThreeN,
nFourN,
elastic,
nThreeN,
elastic,
elastic,
elastic,
nnprime,
elastic,
nThreeN,
nnprime,
nTwoN,
nThreeN,
elastic,
elastic,
elastic,
elastic,
elastic,
elastic,
elastic,
nThreeN,
elastic,
nTwoN,
nThreeN,
elastic,
nThreeN,
elastic,
elastic,
elastic,
elastic,
nThreeN,
elastic,
nTwoN,
elastic,
nThreeNP,
nTwoN,
elastic,
nnprime,
nThreeN,
nFourN,
elastic,
elastic,
nThreeN,
elastic,
nTwoN,
nThreeN,
elastic,
elastic,
nTwoN,
nTwoN,
elastic,
elastic,
elastic,
nnprime,
elastic,
elastic,
elastic,
elastic,
elastic,
nFourN,
nTwoNP,
elastic,
nTwoN,
nThreeN,
nThreeN,
elastic,
nThreeN,
elastic,
elastic,
elastic,
elastic,
nFourN,
elastic,
elastic,
elastic,
elastic,
nTwoNP,
elastic,
elastic,
nThreeN,
nTwoNP,
elastic,
elastic,
nThreeN,
elastic,
elastic,
elastic,
elastic,
elastic,
nTwoNP,
nnprime,
nTwoNP,
nThreeN,
nTwoNP,
nThreeN,
nThreeN,
elastic,
elastic,
nTwoNP,
elastic,
elastic,
elastic,
elastic,
elastic,
elastic,
elastic,
elastic,
elastic,
nFourN,
elastic,
elastic,
nThreeN,
nnprime,
elastic,
elastic,
elastic,
nnprime,
elastic,
elastic,
nnprime,
elastic,
nTwoNP,
elastic,
nThreeN,
elastic,
elastic,
nTwoN,
elastic,
elastic,
elastic,
nnprime,
elastic,
elastic,
elastic,
elastic,
nTwoN,
nTwoN,
elastic,
elastic,
elastic,
elastic,
elastic,
elastic,
elastic,
nThreeNP,
nThreeN,
elastic,
elastic,
elastic,
elastic,
nTwoN,
elastic,
elastic,
elastic,
nThreeNP,
elastic,
elastic,
nThreeN,
elastic,
elastic,
elastic,
elastic,
nTwoN,
elastic,
nFourN,
elastic,
elastic,
elastic,
elastic,
elastic,
elastic,
elastic,
nTwoNP,
nTwoN,
elastic,
elastic,
elastic,
nTwoN,
elastic,
nnprime,
elastic,
nThreeN,
elastic,
elastic,
nThreeN,
nThreeN,
nFourN,
elastic,
elastic,
elastic,
elastic,
elastic,
nFourN,
nTwoNP,
elastic,
elastic,
elastic,
nThreeN,
nThreeNP,
nThreeN,
nTwoN,
nThreeN,
elastic,
elastic,
elastic,
nnprimeP,
nnprime,
elastic,
nFourN,
nTwoN,
nFourN,
elastic,
nThreeN,
elastic,
nThreeN,
elastic,
elastic,
elastic,
nTwoN,
elastic,
elastic,
nThreeN,
elastic,
nTwoN,
elastic,
elastic,
elastic,
nThreeNP,
elastic,
nnprimeP,
elastic,
nThreeN,
elastic,
elastic,
nThreeN,
elastic,
elastic,
nTwoN,
elastic,
nnprime,
elastic,
elastic,
elastic,
nnprime,
elastic,
elastic,
elastic,
nThreeN,
elastic,
elastic,
elastic,
elastic,
nThreeN,
nThreeNP,
elastic,
elastic,
elastic,
elastic,
nFourN,
nnprimeP,
elastic,
elastic,
elastic,
nThreeN,
nTwoN,
elastic,
nTwoN,
nTwoN,
elastic,
elastic,
nnprime,
elastic,
elastic,
elastic,
elastic,
elastic,
elastic,
elastic,
elastic,
elastic,
elastic,
nTwoNP,
elastic,
other,
nThreeN,
elastic,
elastic,
elastic,
nThreeN,
elastic,
nTwoN,
elastic,
nFourN,
elastic,
nThreeNP,
nThreeN,
elastic,
elastic,
elastic,
nFourN,
nThreeN,
elastic,
nThreeNP,
elastic,
nFourN,
nThreeN,
nTwoN,
nTwoN,
nnprime,
nThreeNP,
nFourN,
nnprimeP,
elastic,
elastic,
elastic,
elastic,
elastic,
nFourN,
nTwoN,
nThreeN,
nThreeN,
elastic,
elastic,
nThreeN,
nnprime,
nThreeN,
elastic,
nThreeN,
nThreeN,
nThreeN,
nnprime,
nnprimeP,
elastic,
nThreeN,
elastic,
elastic,
elastic,
elastic,
nThreeN,
elastic,
elastic,
elastic,
elastic,
nThreeN,
nnprime,
nThreeN,
elastic,
elastic,
nnprime,
nThreeN,
elastic,
elastic,
elastic,
elastic,
elastic,
nFourN,
elastic,
elastic,
elastic,
elastic,
nFourN,
nFourN,
elastic,
elastic,
elastic,
elastic,
nThreeN,
elastic,
nTwoN,
elastic,
nThreeN,
elastic,
nThreeN,
elastic,
nThreeNP,
elastic,
nTwoN,
nFourN,
elastic,
nnprimeP,
nTwoNP,
nFourN,
elastic,
nThreeN,
nThreeN,
elastic,
nTwoN,
elastic,
elastic,
nThreeN,
elastic,
nThreeN,
elastic,
nThreeN,
nThreeN,
elastic,
elastic,
elastic,
nTwoNP,
elastic,
elastic,
nThreeN,
elastic,
nThreeN,
nThreeN,
nTwoN,
nThreeN,
nThreeNP,
nnprime,
elastic,
elastic,
nThreeN,
elastic,
elastic,
nFourN,
elastic,
nnprimeP,
nThreeN,
nThreeN,
nTwoN,
elastic,
elastic,
nThreeN,
nnprime,
nFourN,
elastic,
nnprime,
elastic,
nThreeNP,
elastic,
elastic,
elastic,
nThreeN,
elastic,
elastic,
elastic,
elastic,
elastic,
nThreeN,
elastic,
nNGamma,
nThreeNP,
elastic,
elastic,
nFourN,
elastic,
elastic,
elastic,
nThreeN,
elastic,
elastic,
nTwoNP,
nTwoN,
elastic,
elastic,
elastic,
elastic,
elastic,
nFourN,
elastic,
nThreeN,
elastic,
nTwoN,
elastic,
elastic,
elastic,
nThreeN,
elastic,
elastic,
elastic,
nTwoN,
elastic,
elastic,
elastic,
elastic,
nnprime,
elastic,
elastic,
elastic,
elastic,
nThreeN,
nThreeN,
nThreeN,
nnprime,
elastic,
nTwoN,
nThreeN,
elastic,
nTwoN,
elastic,
elastic,
elastic,
nThreeN,
elastic,
nnprimeP,
nnprimeP,
elastic,
elastic,
elastic,
elastic,
elastic,
nThreeN,
elastic,
elastic,
nTwoN,
elastic,
elastic,
elastic,
elastic,
nFourN,
elastic,
elastic,
elastic,
elastic,
nTwoN,
elastic,
elastic,
nThreeN,
elastic,
elastic,
elastic,
nThreeNP,
elastic,
nThreeN,
elastic,
elastic,
elastic,
nThreeN,
nThreeNP,
elastic,
elastic,
elastic,
elastic,
elastic,
elastic,
elastic,
elastic,
elastic,
elastic,
nThreeNP,
elastic,
elastic,
elastic,
elastic,
elastic,
elastic,
nTwoN,
elastic,
nnprime,
np,
nThreeN,
elastic,
nThreeN,
elastic,
elastic,
elastic,
elastic,
nnprime,
elastic,
nTwoN,
elastic,
elastic,
elastic,
elastic,
elastic,
elastic,
elastic,
elastic,
nTwoN,
elastic,
nTwoN,
elastic,
elastic,
nTwoN,
nThreeN,
elastic,
nThreeN,
nThreeN,
nTwoN,
nTwoN,
nTwoN,
nTwoN,
nThreeN,
elastic,
nnprimeP,
nThreeN,
nThreeN,
nThreeN,
elastic,
nnprime,
elastic,
elastic,
nTwoN,
np,
elastic,
nTwoNP,
elastic,
elastic,
elastic,
elastic,
elastic,
nThreeN,
nThreeN,
elastic,
nTwoN,
elastic,
nThreeN,
elastic,
elastic,
elastic,
nThreeN,
elastic,
elastic,
nThreeN,
elastic,
nTwoN,
elastic,
nFourN,
elastic,
elastic,
nThreeN,
nnprime,
nThreeN,
elastic,
nThreeN,
elastic,
nnprime,
nTwoN,
elastic,
elastic,
elastic,
nThreeN,
nThreeN,
elastic,
nTwoN,
elastic,
elastic,
nTwoN,
nTwoNP,
nThreeN,
elastic,
elastic,
elastic,
elastic,
elastic,
elastic,
nThreeN,
elastic,
elastic,
nTwoN,
nThreeN,
elastic,
nFourN,
nThreeN,
elastic,
elastic,
elastic,
elastic,
elastic,
elastic,
nThreeN,
nnprime,
nTwoN,
elastic,
elastic,
elastic,
nnprime,
nnprimeP,
elastic,
elastic,
elastic,
elastic,
elastic,
nTwoN,
nnprimeP,
nThreeN,
elastic,
nTwoN,
nnprime,
nThreeN,
elastic,
elastic,
nThreeNP,
elastic,
elastic,
elastic,
nnprime,
nFourN,
elastic,
nThreeN,
elastic,
nTwoN,
elastic,
nnprime,
elastic,
elastic,
nFourN,
elastic,
elastic,
elastic,
nTwoN,
nThreeN,
elastic,
elastic,
elastic,
elastic,
nTwoN,
elastic,
elastic,
elastic,
elastic,
elastic,
elastic,
elastic,
elastic,
elastic,
elastic,
elastic,
nTwoN,
nTwoN,
elastic,
elastic,
elastic,
elastic,
nnprime,
elastic,
nFourN,
elastic,
nTwoNP,
elastic,
elastic,
elastic,
elastic,
elastic,
elastic,
elastic,
nThreeN,
elastic,
elastic,
nTwoNP,
elastic,
nThreeN,
nThreeNP,
elastic,
nThreeN,
elastic,
elastic,
nFourN,
elastic,
nThreeN,
elastic,
elastic,
elastic,
elastic,
elastic,
nThreeNP,
elastic,
nTwoN,
elastic,
elastic,
nnprime,
nThreeN,
nThreeN,
elastic,
nTwoN,
nThreeN,
nTwoN,
elastic,
elastic,
nThreeNP,
elastic,
elastic,
elastic,
elastic,
elastic,
nThreeN,
elastic,
nThreeN,
nTwoNP,
nThreeN,
elastic,
elastic,
nTwoN,
elastic,
nThreeN,
nThreeN,
elastic,
nThreeN,
elastic,
elastic,
nTwoN,
elastic,
elastic,
elastic,
elastic,
nThreeN,
elastic,
elastic,
nTwoN,
elastic,
nThreeN,
nFourN,
nnprime,
nThreeN,
elastic,
elastic,
nThreeN,
elastic,
nThreeN,
nThreeN,
nThreeN,
elastic,
elastic,
elastic,
nnprimeP,
elastic,
elastic,
elastic,
elastic,
elastic,
elastic,
elastic,
elastic,
elastic,
nTwoN,
elastic,
elastic,
nTwoN,
nThreeN,
elastic,
elastic,
elastic,
nTwoN,
elastic,
nThreeN,
elastic,
elastic,
elastic,
elastic,
elastic,
elastic,
nThreeN,
elastic,
nThreeN,
elastic,
elastic,
nThreeN,
nThreeN,
elastic,
elastic,
nTwoNP,
elastic,
nThreeN,
elastic,
elastic,
elastic,
nThreeN,
nTwoN,
nnprime,
elastic,
elastic,
elastic,
nFourN,
elastic,
elastic,
elastic,
nFourN,
elastic,
elastic,
elastic,
elastic,
elastic,
nnprime,
elastic,
nThreeN,
elastic,
elastic,
nThreeNP,
nThreeN,
nnprime,
nThreeN,
nThreeN,
elastic,
elastic,
nTwoN,
nTwoN,
elastic,
elastic,
elastic,
elastic,
nThreeN,
nThreeN,
elastic,
nThreeN,
elastic,
elastic,
nThreeN,
nTwoN,
elastic,
nFourN,
nThreeN,
nTwoN,
elastic,
elastic,
nThreeN,
nnprime,
nnprime,
nThreeNP,
nThreeN,
elastic,
elastic,
elastic,
elastic,
elastic,
nThreeN,
nFourN,
elastic,
nThreeN,
elastic,
elastic,
nnprimeP,
nTwoN,
elastic,
elastic,
nnprime,
nTwoN,
elastic,
elastic,
elastic,
nFourN,
elastic,
elastic,
nTwoN,
nThreeN,
elastic,
elastic,
nThreeN,
nFourN,
elastic,
elastic,
nThreeN,
elastic,
elastic,
elastic,
elastic,
nnprime,
elastic,
elastic,
elastic,
elastic,
elastic,
elastic,
nTwoN,
elastic,
elastic,
nFourN,
nnprime,
elastic,
elastic,
nThreeN,
nThreeN,
nFourN,
elastic,
elastic,
nThreeN,
elastic,
nThreeN,
elastic,
elastic,
elastic,
nnprime,
nTwoN,
elastic,
np,
elastic,
elastic,
elastic,
nThreeN,
nnprime,
elastic,
nTwoN,
elastic,
elastic,
elastic,
elastic,
nTwoN,
elastic,
elastic,
elastic,
nThreeN,
elastic,
nThreeN,
nFourN,
nThreeN,
elastic,
elastic,
elastic,
elastic,
elastic,
elastic,
elastic,
nThreeN,
elastic,
elastic,
nThreeN,
elastic,
elastic,
nThreeN,
elastic,
elastic,
elastic,
elastic,
nTwoN,
elastic,
nThreeN,
elastic,
elastic,
elastic,
nTwoN,
nThreeN,
elastic,
nThreeN,
elastic,
elastic,
elastic,
elastic,
elastic,
elastic,
elastic,
elastic,
elastic,
elastic,
nThreeN,
elastic,
nThreeN,
nThreeN,
elastic,
elastic,
elastic,
elastic,
elastic,
nTwoN,
nThreeN,
elastic,
nTwoN,
elastic,
elastic,
nTwoN,
elastic,
nThreeN,
nThreeN,
nnprime,
nTwoN,
elastic,
elastic,
elastic,
elastic,
nTwoN,
elastic,
nThreeN,
elastic,
elastic,
elastic,
elastic,
elastic,
nThreeN,
nThreeN,
elastic,
nThreeN,
elastic,
elastic,
elastic,
nThreeN,
elastic,
nnprimeP,
elastic,
nnprime,
nThreeN,
elastic,
elastic,
nThreeN,
nThreeN,
nnprimeP,
nThreeN,
nThreeN,
nThreeNP,
elastic,
elastic,
elastic,
elastic,
elastic,
elastic,
nThreeN,
nTwoN,
elastic,
nThreeN,
elastic,
elastic,
nThreeN,
elastic,
np,
elastic,
elastic,
elastic,
elastic,
nFourN,
elastic,
elastic,
nnprime,
elastic,
elastic,
nTwoN,
elastic,
elastic,
nnprime,
elastic,
elastic,
elastic,
elastic,
elastic,
elastic,
elastic,
elastic,
elastic,
nThreeN,
elastic,
nTwoN,
elastic,
elastic,
elastic,
elastic,
nnprime,
nTwoN,
elastic,
elastic,
elastic,
elastic,
nThreeN,
elastic,
elastic,
elastic,
elastic,
elastic,
elastic,
elastic,
elastic,
nThreeN,
nThreeN,
elastic,
elastic,
elastic,
elastic,
nnprime,
elastic,
elastic,
elastic,
elastic,
nThreeN,
elastic,
nThreeN,
elastic,
nThreeN,
nnprime,
nTwoN,
nThreeN,
nTwoN,
nThreeNP,
elastic,
nThreeN,
elastic,
elastic,
elastic,
elastic,
nThreeN,
nnprime,
elastic,
elastic,
elastic,
nThreeN,
nFourN,
elastic,
elastic,
elastic,
nTwoN,
nTwoN,
nThreeN,
nThreeN,
elastic,
elastic,
elastic,
elastic,
nTwoN,
elastic,
elastic,
elastic,
elastic,
nTwoN,
elastic,
elastic,
nThreeN,
nTwoN,
elastic,
nFourN,
elastic,
elastic,
elastic,
nFourN,
elastic,
nFourN,
nTwoNP,
elastic,
elastic,
nTwoNP,
elastic,
elastic,
nThreeN,
nFourN,
elastic,
elastic,
elastic,
elastic,
elastic,
nTwoN,
elastic,
nTwoN,
nTwoN,
elastic,
nTwoN,
nThreeNP,
nFourN,
nFourN,
nThreeN,
elastic,
nnprime,
elastic,
nFourN,
elastic,
nFourN,
elastic,
nThreeN,
nTwoN,
nThreeN,
elastic,
elastic,
nThreeNP,
nThreeNP,
elastic,
elastic,
np,
elastic,
elastic,
elastic,
elastic,
nTwoN,
elastic,
elastic,
nThreeN,
nThreeN,
elastic,
nnprime,
elastic,
elastic,
elastic,
elastic,
elastic,
nThreeN,
elastic,
nThreeN,
elastic,
nThreeN,
nThreeN,
elastic,
elastic,
elastic,
elastic,
nnprime,
elastic,
elastic,
elastic,
nTwoNP,
nTwoN,
elastic,
elastic,
elastic,
nTwoN,
nFourN,
elastic,
elastic,
elastic,
elastic,
nThreeN,
elastic,
elastic,
nnprime,
elastic,
nFourN,
elastic,
elastic,
nThreeN,
elastic,
elastic,
nThreeN,
elastic,
nFourN,
elastic,
elastic,
nThreeN,
nFourN,
elastic,
elastic,
elastic,
nTwoN,
nThreeNP,
elastic,
elastic,
elastic,
elastic,
elastic,
elastic,
elastic,
nFourN,
elastic,
elastic,
elastic,
elastic,
nThreeN,
np,
elastic,
elastic,
elastic,
nThreeN,
elastic,
elastic,
nThreeN,
elastic,
elastic,
elastic,
elastic,
